configuration,rmse,feature_count
Full (AlphaGraph-Phys),0.49292380558803445,49
No RothC (Raw SOC Target),0.5618296277069013,48
No PE,0.6979619388712452,49
No Satellite,0.6702606399131065,38
No Terrain,0.7314966839271029,43
No Weights,0.5853960737385586,49
