model,rmse_mean,rmse_std,mae_mean,mae_std,r2_mean,r2_std,bias_mean,bias_std
GP,0.0439470562859633,0.0252963656795537,0.0319445514366546,0.015199378759796,0.9999075575665608,8.674356074658689e-05,-0.0052331450162355,0.0173337375942833
MLP,0.6073974913759228,0.3411728906669024,0.4477271139621734,0.2639042865807389,0.9807186245918272,0.0183499000663689,-0.0859384223818779,0.3399302887312416
RF,0.6572427166583207,0.4793765402502105,0.2675410139326376,0.1399828579240319,0.974548009277772,0.0292057710619234,-0.1243896883011919,0.2097020193265067
XGB,1.2870526420022872,1.7646890981454355,0.4846408568322659,0.6479493861680181,0.8788244962692261,0.2186923105512308,-0.3977515738457441,0.6771835912853129
GraphSAGE,4.151137717412932,0.7295310815361817,,,0.1484166437375413,0.3631310480476327,,
PE-GNN,4.184886983927285,0.7226502341207593,,,0.11772435680918854,0.4314941682924381,,
GAT,4.191989093743464,0.7282412995359867,,,0.12934246433461,0.3788348252358256,,
RothC,4.235586654327949,0.7343828038999148,4.034665632247925,0.5281048002582812,0.0754905819892883,0.5168248110416914,-0.637486708164215,2.061005817631467
