RMSE,MAE,Bias,R2
4.278999478499402,4.0400252081517865,-0.8072626733660505,0.37770405343796065
